supplier,customer,revenue_pct,start_date,end_date
Abbott Laboratories,Heska Corp.,6,2004-02-01 0:00:00,2004-04-21 0:00:00
Abbott Laboratories,Fuso Pharmaceutical Industries Ltd.,8,2004-02-01 0:00:00,2004-04-21 0:00:00
Acxiom Corp.,The Allstate Corp.,10.1,2003-04-03 0:00:00,2003-08-03 0:00:00
"Adobe Systems, Inc.",Tech Data Corp.,8,2010-02-25 0:00:00,2010-10-29 0:00:00
"Adobe Systems, Inc.",Tech Data Corp.,9,2009-04-29 0:00:00,2010-02-25 0:00:00
"Adobe Systems, Inc.",Tech Data Corp.,10,2007-03-21 0:00:00,2009-04-29 0:00:00
"Adobe Systems, Inc.","Ingram Micro, Inc.",11,2013-01-25 19:00:00,2014-01-22 14:00:00
"Adobe Systems, Inc.",Tech Data Corp.,11,2006-04-21 0:00:00,2007-03-21 0:00:00
"Adobe Systems, Inc.",Tech Data Corp.,13,2004-09-29 0:00:00,2006-04-21 0:00:00
"Adobe Systems, Inc.","Ingram Micro, Inc.",14,2012-01-27 18:00:00,2013-01-25 19:00:00
"Adobe Systems, Inc.",Tech Data Corp.,14,2003-04-03 0:00:00,2004-09-29 0:00:00
"Adobe Systems, Inc.","Ingram Micro, Inc.",15,2010-02-25 0:00:00,2010-10-29 0:00:00
"Adobe Systems, Inc.","Ingram Micro, Inc.",15,2011-01-29 0:00:00,2012-01-27 18:00:00
"Adobe Systems, Inc.","Ingram Micro, Inc.",18,2009-04-29 0:00:00,2010-02-25 0:00:00
"Adobe Systems, Inc.","Ingram Micro, Inc.",21,2008-04-09 0:00:00,2009-04-29 0:00:00
"Adobe Systems, Inc.","Ingram Micro, Inc.",23,2005-03-02 0:00:00,2006-04-21 0:00:00
"Adobe Systems, Inc.","Ingram Micro, Inc.",24,2007-03-21 0:00:00,2008-04-09 0:00:00
"Adobe Systems, Inc.","Ingram Micro, Inc.",26,2006-04-21 0:00:00,2007-03-21 0:00:00
"Adobe Systems, Inc.","Ingram Micro, Inc.",27,2003-04-03 0:00:00,2004-09-29 0:00:00
"Adobe Systems, Inc.","Ingram Micro, Inc.",28,2004-09-29 0:00:00,2005-03-02 0:00:00
"Diversicare Healthcare Services, Inc.",Government of the United States of America,27.3,2014-07-28 19:00:00,2015-05-18 19:00:00
"Diversicare Healthcare Services, Inc.",Government of the United States of America,27.5,2017-05-08 14:00:00,NULL
"Diversicare Healthcare Services, Inc.",Government of the United States of America,29,2016-04-29 14:00:00,2017-05-08 14:00:00
"Diversicare Healthcare Services, Inc.",Government of the United States of America,29.6,2015-05-18 19:00:00,2015-07-31 8:00:00
"Diversicare Healthcare Services, Inc.",Government of the United States of America,29.6,2015-08-03 14:00:00,2016-04-29 14:00:00
"Diversicare Healthcare Services, Inc.",Government of the United States of America,30.03,2010-04-19 0:00:00,2011-06-07 0:00:00
"Diversicare Healthcare Services, Inc.",Government of the United States of America,30.7,2011-06-07 0:00:00,2012-09-06 18:00:00
"Diversicare Healthcare Services, Inc.",Government of the United States of America,30.8,2013-03-08 19:00:00,2014-07-28 19:00:00
"Diversicare Healthcare Services, Inc.",Government of the United States of America,34.5,2012-09-06 18:00:00,2013-03-08 19:00:00
"Diversicare Healthcare Services, Inc.",Government of the United States of America,48.4,2015-05-18 19:00:00,2015-07-31 8:00:00
"Diversicare Healthcare Services, Inc.",Government of the United States of America,48.4,2015-08-03 14:00:00,2016-04-29 14:00:00
"Diversicare Healthcare Services, Inc.",Government of the United States of America,48.6,2016-04-29 14:00:00,2017-05-08 14:00:00
"Diversicare Healthcare Services, Inc.",Government of the United States of America,49.4,2012-09-06 18:00:00,2013-03-08 19:00:00
"Diversicare Healthcare Services, Inc.",Government of the United States of America,50.6,2017-05-08 14:00:00,NULL
"Diversicare Healthcare Services, Inc.",Government of the United States of America,52.2,2013-03-08 19:00:00,2014-07-28 19:00:00
"Diversicare Healthcare Services, Inc.",Government of the United States of America,53,2011-06-07 0:00:00,2012-09-06 18:00:00
"Diversicare Healthcare Services, Inc.",Government of the United States of America,53.5,2014-07-28 19:00:00,2015-05-18 19:00:00
"Diversicare Healthcare Services, Inc.",Government of the United States of America,54.77,2010-04-15 0:00:00,2010-04-19 0:00:00
"Diversicare Healthcare Services, Inc.",Government of the United States of America,54.77,2010-04-19 0:00:00,2011-06-07 0:00:00
"Diversicare Healthcare Services, Inc.",Government of the United States of America,80,2006-09-20 0:00:00,2007-03-28 0:00:00
"Diversicare Healthcare Services, Inc.",Government of the United States of America,84.8,2009-04-08 0:00:00,2010-04-15 0:00:00
"Diversicare Healthcare Services, Inc.",Government of the United States of America,86.9,2008-04-16 0:00:00,2009-04-08 0:00:00
"Diversicare Healthcare Services, Inc.",Government of the United States of America,87,2007-03-28 0:00:00,2008-04-16 0:00:00
"ATRM Holdings, Inc.",UST Technology Pte Ltd.,20,2007-04-11 0:00:00,2008-05-06 0:00:00
"ATRM Holdings, Inc.",UST Technology Pte Ltd.,24,2006-07-11 0:00:00,2007-04-11 0:00:00
"ATRM Holdings, Inc.","Maxim Integrated Products, Inc.",31.5,2003-08-10 0:00:00,2004-06-09 0:00:00
"ATRM Holdings, Inc.","Maxim Integrated Products, Inc.",33,2006-07-11 0:00:00,2007-04-11 0:00:00
"ATRM Holdings, Inc.",UST Technology Pte Ltd.,36,2008-05-06 0:00:00,2009-05-20 0:00:00
"ATRM Holdings, Inc.","Maxim Integrated Products, Inc.",40,2008-05-06 0:00:00,2009-05-20 0:00:00
"ATRM Holdings, Inc.","Maxim Integrated Products, Inc.",51,2007-04-11 0:00:00,2008-05-06 0:00:00
AGCO Corp.,BayWa AG,2.8,2006-06-06 0:00:00,2007-03-28 0:00:00
AGCO Corp.,BayWa AG,3.5,2007-03-28 0:00:00,2008-05-22 0:00:00
AGCO Corp.,BayWa AG,4,2008-05-22 0:00:00,2009-07-22 0:00:00
AK Steel Holding Corp.,Ford Motor Co.,8,2005-05-04 0:00:00,2006-05-03 0:00:00
AK Steel Holding Corp.,Motors Liquidation Co.,9,2007-03-28 0:00:00,2008-05-20 0:00:00
AK Steel Holding Corp.,Ford Motor Co.,9,2006-05-03 0:00:00,2007-03-28 0:00:00
AK Steel Holding Corp.,Ford Motor Co.,10,2004-05-26 0:00:00,2005-05-04 0:00:00
AK Steel Holding Corp.,Fiat Chrysler Automobiles NV,10,2018-02-26 8:00:00,2018-03-13 14:00:00
AK Steel Holding Corp.,Fiat Chrysler Automobiles NV,11,2016-03-16 14:00:00,2017-02-22 8:00:00
AK Steel Holding Corp.,Fiat Chrysler Automobiles NV,11,2017-02-22 8:00:00,2018-02-26 8:00:00
AK Steel Holding Corp.,Ford Motor Co.,12,2016-03-16 14:00:00,NULL
AK Steel Holding Corp.,Motors Liquidation Co.,13,2006-05-03 0:00:00,2007-03-28 0:00:00
AK Steel Holding Corp.,Motors Liquidation Co.,15,2005-05-04 0:00:00,2006-05-03 0:00:00
AK Steel Holding Corp.,Motors Liquidation Co.,19.4,2003-04-27 0:00:00,2004-05-26 0:00:00
AK Steel Holding Corp.,Motors Liquidation Co.,20,2004-05-26 0:00:00,2005-05-04 0:00:00
Alexander & Baldwin Investments LLC,International Paper Co.,1.3,2017-05-05 14:00:00,NULL
Alexander & Baldwin Investments LLC,LKQ Corp.,1.3,2017-05-05 14:00:00,NULL
Alexander & Baldwin Investments LLC,"Office Depot, Inc.",1.3,2017-05-05 14:00:00,NULL
Alexander & Baldwin Investments LLC,"Whole Foods Market, Inc.",1.5,2017-05-05 14:00:00,2017-09-05 14:00:00
Alexander & Baldwin Investments LLC,"Amazon.com, Inc.",1.5,2017-09-05 14:00:00,NULL
Alexander & Baldwin Investments LLC,Cerberus Capital Management LP,1.8,2017-05-05 14:00:00,2017-07-27 8:00:00
Alexander & Baldwin Investments LLC,"Albertsons Cos., Inc.",1.8,2017-09-05 14:00:00,NULL
Alexander & Baldwin Investments LLC,"24 Hour Fitness Worldwide, Inc.",1.9,2017-05-05 14:00:00,NULL
Alexander & Baldwin Investments LLC,Foodland Supermarket Co. Ltd.,2.5,2017-05-05 14:00:00,NULL
Alexander & Baldwin Investments LLC,"UnitedHealth Group, Inc.",3,2017-05-05 14:00:00,NULL
Alexander & Baldwin Investments LLC,CVS Health Corp.,3.5,2017-05-05 14:00:00,NULL
Alexander & Baldwin Investments LLC,"Walmart, Inc.",4.5,2017-05-05 14:00:00,NULL
Alexander & Baldwin Investments LLC,"C&H Sugar Co., Inc.",10,2015-03-25 14:00:00,2016-03-23 14:00:00
Alexander & Baldwin Investments LLC,Fanjul Corp,10,2016-03-23 14:00:00,2017-04-03 14:00:00
Alexander & Baldwin Investments LLC,State of Hawaii,12.93,2017-04-03 14:00:00,NULL
Alexander & Baldwin Investments LLC,Honolulu,13.42,2017-04-03 14:00:00,2017-05-05 14:00:00
Alexander & Baldwin Investments LLC,State of Hawaii,13.42,2017-05-05 14:00:00,NULL
"Synvista Therapeutics, Inc.","Avon Products, Inc.",97.9,2008-06-11 0:00:00,2009-11-06 0:00:00
"Tivity Health, Inc.","Blue Cross & Blue Shield of Massachusetts, Inc.",10,2008-12-20 0:00:00,2010-04-08 0:00:00
"Tivity Health, Inc.","BCBSM, Inc.",10,2005-12-30 0:00:00,2007-12-22 0:00:00
"Tivity Health, Inc.",Cigna Corp.,10,2005-12-30 0:00:00,2007-12-22 0:00:00
"Tivity Health, Inc.","Humana, Inc.",10.5,2014-05-16 19:00:00,2015-05-11 14:00:00
"Tivity Health, Inc.","Humana, Inc.",11.5,2013-06-18 19:00:00,2014-05-02 19:00:00
"Tivity Health, Inc.","Humana, Inc.",11.6,2015-05-11 14:00:00,2016-03-23 8:00:00
"Tivity Health, Inc.","Humana, Inc.",13.1,2016-03-23 8:00:00,2017-04-07 14:00:00
"Tivity Health, Inc.",Cigna Corp.,17,2012-04-24 18:00:00,2013-06-18 19:00:00
"Tivity Health, Inc.","UnitedHealth Group, Inc.",17.4,2018-03-14 14:00:00,NULL
"Tivity Health, Inc.","Humana, Inc.",17.4,2018-03-14 14:00:00,NULL
"Tivity Health, Inc.",Cigna Corp.,19,2010-04-08 0:00:00,2010-04-19 0:00:00
"Tivity Health, Inc.",Cigna Corp.,19,2010-04-19 0:00:00,2012-04-24 18:00:00
"Tivity Health, Inc.",Cigna Corp.,20,2008-12-20 0:00:00,2010-04-08 0:00:00
"Tivity Health, Inc.",Cigna Corp.,22,2007-12-22 0:00:00,2008-12-20 0:00:00
"American Science & Engineering, Inc.",Government of the United States of America,13,2015-07-15 14:00:00,2015-07-31 8:00:00
"American Science & Engineering, Inc.",Government of the United States of America,13,2015-08-03 14:00:00,2016-07-06 14:00:00
"American Science & Engineering, Inc.",Emirate of Abu Dhabi (United Arab Emirates),13,2014-08-04 19:00:00,2015-07-15 14:00:00
"American Science & Engineering, Inc.",Government of the United States of America,14,2014-08-04 19:00:00,2014-08-05 19:00:00
"American Science & Engineering, Inc.",Government of the United States of America,14,2014-08-05 19:00:00,2014-10-29 19:00:00
"American Science & Engineering, Inc.",Government of the United States of America,14,2014-10-29 19:00:00,2015-07-15 14:00:00
"American Science & Engineering, Inc.",Government of the United States of America,16,2016-07-06 14:00:00,2018-03-01 8:00:00
"American Science & Engineering, Inc.",Government of the United States of America,17,2013-08-08 19:00:00,2014-08-04 19:00:00
"American Science & Engineering, Inc.",Government of the United States of America,18,2014-10-29 19:00:00,2015-07-15 14:00:00
"American Science & Engineering, Inc.",Government of the United States of America,18,2014-08-04 19:00:00,2014-08-05 19:00:00
"American Science & Engineering, Inc.",Government of the United States of America,18,2014-08-05 19:00:00,2014-10-29 19:00:00
"American Science & Engineering, Inc.",Government of the United States of America,18,2016-07-06 14:00:00,2018-03-01 8:00:00
"American Science & Engineering, Inc.",Al Hamra Group of Cos.,21,2015-07-17 8:00:00,2016-07-06 14:00:00
"American Science & Engineering, Inc.",Government of the United States of America,24,2013-08-08 19:00:00,2014-08-04 19:00:00
"American Science & Engineering, Inc.",Government of the United States of America,55,2008-07-01 0:00:00,2009-07-29 0:00:00
"American Science & Engineering, Inc.",Government of the United States of America,56,2009-07-29 0:00:00,2010-06-24 0:00:00
"American Science & Engineering, Inc.",Government of the United States of America,62,2012-06-19 18:00:00,2012-12-05 18:00:00
"American Science & Engineering, Inc.",Government of the United States of America,62,2012-12-05 18:00:00,2013-08-08 19:00:00
"American Science & Engineering, Inc.",Government of the United States of America,63,2010-06-24 0:00:00,2011-02-01 0:00:00
"American Science & Engineering, Inc.",Government of the United States of America,63,2011-02-01 0:00:00,2011-08-24 0:00:00
"American Science & Engineering, Inc.",Government of the United States of America,65,2012-01-17 18:00:00,2012-06-18 18:00:00
"American Science & Engineering, Inc.",Government of the United States of America,70,2007-08-01 0:00:00,2008-07-01 0:00:00
"American Science & Engineering, Inc.",Government of the United States of America,77,2006-07-21 0:00:00,2007-02-09 0:00:00
"American Science & Engineering, Inc.",Government of the United States of America,77,2007-02-09 0:00:00,2007-08-01 0:00:00
"Amgen, Inc.",Bayer AG,0.58,2018-02-27 14:00:00,NULL
"Amgen, Inc.",Bayer AG,0.6,2017-02-17 14:00:00,2018-02-27 14:00:00
"Amgen, Inc.",McKesson Corp.,12,2008-06-04 0:00:00,2009-05-27 0:00:00
"Amgen, Inc.",McKesson Corp.,13,2007-03-28 0:00:00,2008-06-04 0:00:00
"Amgen, Inc.","Cardinal Health, Inc.",13,2007-03-28 0:00:00,2008-06-04 0:00:00
"Amgen, Inc.","Cardinal Health, Inc.",13,2014-03-27 19:00:00,2016-02-23 19:00:00
"Amgen, Inc.",McKesson Corp.,14,2011-04-15 0:00:00,2011-07-27 0:00:00
"Amgen, Inc.","Cardinal Health, Inc.",14,2008-06-04 0:00:00,2009-05-27 0:00:00
"Amgen, Inc.","Cardinal Health, Inc.",14,2011-07-27 0:00:00,2013-03-18 19:00:00
"Amgen, Inc.","Cardinal Health, Inc.",15,2009-05-27 0:00:00,2011-04-15 0:00:00
"Amgen, Inc.","Cardinal Health, Inc.",15,2013-03-19 19:00:00,2014-03-27 19:00:00
"Amgen, Inc.",McKesson Corp.,15.3,2003-04-03 0:00:00,2004-04-21 0:00:00
"Amgen, Inc.",McKesson Corp.,16,2004-04-21 0:00:00,2005-04-13 0:00:00
"Amgen, Inc.","Cardinal Health, Inc.",16,2005-04-13 0:00:00,2006-04-26 0:00:00
"Amgen, Inc.","Cardinal Health, Inc.",17,2016-02-23 19:00:00,2017-02-17 14:00:00
"Amgen, Inc.",McKesson Corp.,17.1,2005-04-13 0:00:00,2006-04-26 0:00:00
"Amgen, Inc.",McKesson Corp.,17.2,2006-04-26 0:00:00,2007-03-28 0:00:00
"Amgen, Inc.","Cardinal Health, Inc.",17.9,2003-04-03 0:00:00,2004-04-21 0:00:00
"Amgen, Inc.",McKesson Corp.,19,2009-05-27 0:00:00,2011-04-15 0:00:00
"Amgen, Inc.",McKesson Corp.,19,2011-07-27 0:00:00,2012-04-13 18:00:00
"Amgen, Inc.","Cardinal Health, Inc.",19,2006-04-26 0:00:00,2007-03-28 0:00:00
"Amgen, Inc.","Cardinal Health, Inc.",19,2011-04-15 0:00:00,2011-07-27 0:00:00
"Amgen, Inc.","Cardinal Health, Inc.",19.1,2004-04-21 0:00:00,2005-04-13 0:00:00
"Amgen, Inc.","Cardinal Health, Inc.",20,2017-02-17 14:00:00,NULL
"Amgen, Inc.",McKesson Corp.,22,2012-04-13 18:00:00,2013-03-18 19:00:00
"Amgen, Inc.",McKesson Corp.,27,2013-03-19 19:00:00,2015-03-02 19:00:00
"Amgen, Inc.",McKesson Corp.,30,2015-03-02 19:00:00,NULL
"Amgen, Inc.",AmerisourceBergen Corp.,31,2008-06-04 0:00:00,2009-05-27 0:00:00
"Amgen, Inc.",AmerisourceBergen Corp.,31,2017-02-17 14:00:00,NULL
"Amgen, Inc.",AmerisourceBergen Corp.,32.1,2004-04-21 0:00:00,2005-04-13 0:00:00
"Amgen, Inc.",AmerisourceBergen Corp.,32.3,2005-04-13 0:00:00,2006-04-26 0:00:00
"Amgen, Inc.",AmerisourceBergen Corp.,34,2013-03-19 19:00:00,2014-03-27 19:00:00
"Amgen, Inc.",AmerisourceBergen Corp.,34,2015-03-02 19:00:00,2017-02-17 14:00:00
"Amgen, Inc.",AmerisourceBergen Corp.,35,2007-03-28 0:00:00,2008-06-04 0:00:00
"Amgen, Inc.",AmerisourceBergen Corp.,35,2014-03-27 19:00:00,2015-03-02 19:00:00
"Amgen, Inc.",AmerisourceBergen Corp.,36,2012-04-13 18:00:00,2013-03-18 19:00:00
"Amgen, Inc.",AmerisourceBergen Corp.,37,2009-05-27 0:00:00,2011-04-15 0:00:00
"Amgen, Inc.",AmerisourceBergen Corp.,37.7,2003-04-03 0:00:00,2004-04-21 0:00:00
"Amgen, Inc.",AmerisourceBergen Corp.,38,2011-04-15 0:00:00,2012-04-13 18:00:00
"Amgen, Inc.",AmerisourceBergen Corp.,38.2,2006-04-26 0:00:00,2007-03-28 0:00:00
"Amtech Systems, Inc.",Yingli Green Energy Holding Co. Ltd.,7,2012-12-11 18:00:00,2014-01-08 0:00:00
"Amtech Systems, Inc.",Yingli Green Energy Holding Co. Ltd.,15,2011-11-29 0:00:00,2012-12-11 18:00:00
"Amtech Systems, Inc.","E-Ton Solar Tech. Co., Ltd.",16,2010-02-18 0:00:00,2011-03-11 0:00:00
"Amtech Systems, Inc.",Yingli Green Energy Holding Co. Ltd.,20,2014-01-08 0:00:00,2014-11-21 19:00:00
"Amtech Systems, Inc.",Yingli Green Energy Holding Co. Ltd.,28,2011-03-11 0:00:00,2011-11-29 0:00:00
Anadarko Petroleum Corp.,BP Plc,10.03,2018-03-13 8:00:00,NULL
Anadarko Petroleum Corp.,Duke Energy Corp.,10.6,2006-04-29 0:00:00,2007-03-21 0:00:00
Anadarko Petroleum Corp.,Total SA,13.45,2014-03-27 19:00:00,2015-02-26 19:00:00
Anadarko Petroleum Corp.,Total SA,13.6,2013-02-22 19:00:00,2014-03-27 19:00:00
Anadarko Petroleum Corp.,Duke Energy Corp.,15,2005-04-06 0:00:00,2006-04-29 0:00:00
Anadarko Petroleum Corp.,Duke Energy Corp.,22,2003-04-27 0:00:00,2004-04-21 0:00:00
Anadarko Petroleum Corp.,Duke Energy Corp.,28,2004-04-21 0:00:00,2005-04-06 0:00:00
Apache Corp.,Royal Dutch Shell Plc,6,2018-03-07 19:00:00,NULL
Apache Corp.,Royal Dutch Shell Plc,11,2012-03-21 18:00:00,2013-03-22 19:00:00
Apache Corp.,Royal Dutch Shell Plc,11,2016-03-09 19:00:00,2017-03-06 14:00:00
Apache Corp.,The Egyptian General Petroleum Corp.,11,2018-03-07 19:00:00,NULL
Apache Corp.,BP Plc,12,2018-03-07 19:00:00,NULL
Apache Corp.,Royal Dutch Shell Plc,12,2008-04-16 0:00:00,2009-05-20 0:00:00
Apache Corp.,The Egyptian General Petroleum Corp.,12,2017-03-06 14:00:00,2018-03-07 19:00:00
Apache Corp.,CINergy Corp.,12,2004-04-21 0:00:00,2005-04-06 0:00:00
Apache Corp.,Vitol Holding BV,13,2012-03-21 18:00:00,2013-03-22 19:00:00
Apache Corp.,BP Plc,15,2005-04-06 0:00:00,2006-05-03 0:00:00
Apache Corp.,Royal Dutch Shell Plc,15,2011-03-30 0:00:00,2012-03-21 18:00:00
Apache Corp.,China Petroleum & Chemical Corp.,16,2018-03-07 19:00:00,NULL
Apache Corp.,BP Plc,16,2006-05-03 0:00:00,2007-03-21 0:00:00
Apache Corp.,Royal Dutch Shell Plc,16,2006-05-03 0:00:00,2007-03-21 0:00:00
Apache Corp.,Government of Egypt,17,2005-07-12 0:00:00,2006-05-03 0:00:00
Apache Corp.,Royal Dutch Shell Plc,17,2009-05-20 0:00:00,2010-03-25 0:00:00
Apache Corp.,Royal Dutch Shell Plc,18,2010-03-25 0:00:00,2011-03-30 0:00:00
Apache Corp.,Royal Dutch Shell Plc,19,2015-04-17 14:00:00,2016-03-09 19:00:00
Apache Corp.,CINergy Corp.,19,2003-04-27 0:00:00,2004-04-21 0:00:00
Apache Corp.,BP Plc,20,2007-03-21 0:00:00,2008-04-16 0:00:00
Apache Corp.,Royal Dutch Shell Plc,20,2013-03-22 19:00:00,2014-04-14 19:00:00
Apache Corp.,China Petroleum & Chemical Corp.,21,2017-03-06 14:00:00,2018-03-07 19:00:00
Apache Corp.,Royal Dutch Shell Plc,24,2014-04-14 19:00:00,2015-04-17 14:00:00
"Cisco Systems, Inc.",Comcast Corp.,8,2006-03-07 0:00:00,2006-05-18 0:00:00
"Cisco Systems, Inc.",Cablevision Systems Corp.,13,2006-03-07 0:00:00,2006-05-18 0:00:00
Microsoft Corp.,"Dell, Inc.",10,2004-10-06 0:00:00,2006-10-20 0:00:00
Procter & Gamble Co.,"Walmart, Inc.",14,2012-08-09 18:00:00,2016-09-07 14:00:00
Procter & Gamble Co.,"Walmart, Inc.",15,2006-10-20 0:00:00,2010-03-02 0:00:00
Procter & Gamble Co.,"Walmart, Inc.",15,2010-04-19 0:00:00,2010-05-31 0:00:00
Procter & Gamble Co.,"Walmart, Inc.",15,2011-08-18 0:00:00,2012-08-09 18:00:00
Procter & Gamble Co.,"Walmart, Inc.",15,2016-09-07 14:00:00,2017-08-08 19:00:00
Procter & Gamble Co.,"Walmart, Inc.",16,2005-10-19 0:00:00,2006-10-20 0:00:00
Procter & Gamble Co.,"Walmart, Inc.",16,2010-10-29 0:00:00,2011-08-18 0:00:00
Procter & Gamble Co.,"Walmart, Inc.",16,2017-08-08 19:00:00,NULL
Procter & Gamble Co.,"Walmart, Inc.",17,2003-04-27 0:00:00,2003-10-26 0:00:00
Procter & Gamble Co.,"Walmart, Inc.",17,2004-10-06 0:00:00,2005-10-19 0:00:00
Procter & Gamble Co.,"Walmart, Inc.",18,2003-10-26 0:00:00,2004-10-06 0:00:00
Roche Holding AG,"Cardinal Health, Inc.",6.32,2014-04-24 19:00:00,2015-03-25 14:00:00
Roche Holding AG,"Cardinal Health, Inc.",7.6,2017-02-20 8:00:00,2018-03-05 14:00:00
Roche Holding AG,"Cardinal Health, Inc.",7.94,2016-05-12 8:00:00,2017-02-20 8:00:00
Roche Holding AG,"Cardinal Health, Inc.",8.31,2016-02-18 14:00:00,2016-05-12 8:00:00
Roche Holding AG,"Cardinal Health, Inc.",9,2018-03-05 14:00:00,NULL
Roche Holding AG,AmerisourceBergen Corp.,9.92,2016-05-12 8:00:00,2017-02-20 8:00:00
Roche Holding AG,AmerisourceBergen Corp.,10.39,2016-02-18 14:00:00,2016-05-12 8:00:00
Roche Holding AG,McKesson Corp.,10.6,2014-02-06 0:00:00,2015-03-25 14:00:00
Roche Holding AG,AmerisourceBergen Corp.,10.6,2014-02-06 0:00:00,2015-03-25 14:00:00
Roche Holding AG,AmerisourceBergen Corp.,10.8,2018-03-05 14:00:00,NULL
Roche Holding AG,McKesson Corp.,11.4,2017-02-20 8:00:00,2018-03-05 14:00:00
Roche Holding AG,AmerisourceBergen Corp.,11.4,2017-02-20 8:00:00,2018-03-05 14:00:00
Roche Holding AG,McKesson Corp.,11.9,2016-05-12 8:00:00,2017-02-20 8:00:00
Roche Holding AG,McKesson Corp.,12.46,2016-02-18 14:00:00,2016-05-12 8:00:00
Roche Holding AG,McKesson Corp.,12.6,2018-03-05 14:00:00,NULL
Interoil Exploration & Production ASA,Vitol Holding BV,1.06,2016-09-28 8:00:00,2017-10-02 14:00:00
Interoil Exploration & Production ASA,Vitol Holding BV,8.62,2017-10-02 14:00:00,2017-10-03 8:00:00
Interoil Exploration & Production ASA,Vitol Holding BV,9,2017-10-03 8:00:00,NULL
Interoil Exploration & Production ASA,Turgas SA ESP,15.87,2016-09-30 8:00:00,2017-10-02 14:00:00
Interoil Exploration & Production ASA,Ecopetrol SA,17,2017-10-03 8:00:00,NULL
Interoil Exploration & Production ASA,Ecopetrol SA,17.24,2017-10-02 14:00:00,2017-10-03 8:00:00
Interoil Exploration & Production ASA,Ecopetrol SA,19,2017-10-03 8:00:00,NULL
Interoil Exploration & Production ASA,Turgas SA ESP,20,2017-10-03 8:00:00,NULL
Interoil Exploration & Production ASA,Ecopetrol SA,26.46,2016-09-28 8:00:00,2017-10-02 14:00:00
Interoil Exploration & Production ASA,BP Plc,35,2017-10-03 8:00:00,NULL
Interoil Exploration & Production ASA,BP Plc,35.14,2017-10-02 14:00:00,2017-10-03 8:00:00
Interoil Exploration & Production ASA,Ecopetrol SA,56.61,2016-09-28 8:00:00,2017-10-02 14:00:00
"Canon, Inc.","HP, Inc.",14.8,2017-05-09 8:00:00,NULL
"Canon, Inc.","HP, Inc.",17,2013-06-29 0:00:00,2014-06-30 19:00:00
"Canon, Inc.","HP, Inc.",17,2015-11-10 19:00:00,2016-05-16 19:00:00
"Canon, Inc.","HP, Inc.",17.4,2015-06-10 8:00:00,2015-11-06 8:00:00
"Canon, Inc.","HP, Inc.",17.4,2016-05-16 19:00:00,2016-05-18 6:10:00
"Canon, Inc.","HP, Inc.",17.6,2014-06-30 19:00:00,2015-06-10 8:00:00
"Canon, Inc.","HP, Inc.",17.8,2016-05-18 6:10:00,2017-05-09 8:00:00
"Canon, Inc.","HP, Inc.",19.3,2012-05-08 18:00:00,2013-06-29 0:00:00
"Canon, Inc.","HP, Inc.",20,2004-07-14 0:00:00,2005-07-20 0:00:00
"Canon, Inc.","HP, Inc.",20,2010-05-13 0:00:00,2012-05-08 18:00:00
"Canon, Inc.","HP, Inc.",21,2005-07-20 0:00:00,2007-06-27 0:00:00
"Canon, Inc.","HP, Inc.",22,2007-06-27 0:00:00,2009-05-13 0:00:00
"Canon, Inc.","HP, Inc.",23,2009-05-13 0:00:00,2010-05-13 0:00:00
Novartis AG,Bayer Pharma AG,10.6,2006-04-21 0:00:00,2006-04-26 0:00:00
Novartis AG,AmerisourceBergen Corp.,12.2,2005-08-05 0:00:00,2006-04-26 0:00:00
Novartis AG,McKesson Corp.,22.9,2005-08-05 0:00:00,2006-04-26 0:00:00
Land Securities Group Plc,Wellington Management Group LLP,0.7,2017-10-27 8:00:00,2017-12-13 8:00:00
Land Securities Group Plc,Schlumberger NV,0.7,2017-10-27 8:00:00,2017-12-13 8:00:00
Land Securities Group Plc,Microsoft Corp.,0.8,2014-07-23 19:00:00,2015-09-08 8:00:00
Land Securities Group Plc,"Bain & Co., Inc.",0.8,2014-07-23 19:00:00,2015-09-08 8:00:00
Land Securities Group Plc,"Bain & Co., Inc.",0.8,2017-10-27 8:00:00,2017-12-13 8:00:00
Land Securities Group Plc,Tesco Plc,0.8,2017-10-27 8:00:00,2017-12-13 8:00:00
Land Securities Group Plc,Vue Entertainment Ltd.,0.8,2017-10-27 8:00:00,2017-12-13 8:00:00
Land Securities Group Plc,Dixons Retail Group Ltd.,0.9,2014-07-23 19:00:00,2015-02-21 0:00:00
Land Securities Group Plc,Microsoft Corp.,0.9,2013-09-17 19:00:00,2014-07-23 19:00:00
Land Securities Group Plc,Debenhams Plc,0.9,2014-07-23 19:00:00,2015-09-08 8:00:00
Land Securities Group Plc,Home Retail Group Ltd.,0.9,2014-07-23 19:00:00,2015-09-08 8:00:00
Land Securities Group Plc,Hennes & Mauritz AB,0.9,2014-07-23 19:00:00,2015-09-08 8:00:00
Land Securities Group Plc,Électricité de France SA,1,2013-09-17 19:00:00,2015-09-08 8:00:00
Land Securities Group Plc,Debenhams Plc,1,2013-09-17 19:00:00,2014-07-23 19:00:00
Land Securities Group Plc,Home Retail Group Ltd.,1,2013-09-17 19:00:00,2014-07-23 19:00:00
Land Securities Group Plc,Marks & Spencer Group Plc,1,2014-07-23 19:00:00,2015-09-08 8:00:00
Land Securities Group Plc,Marks & Spencer Group Plc,1,2016-07-22 8:00:00,2017-10-27 8:00:00
Land Securities Group Plc,Telecity Group Ltd.,1,2013-09-17 19:00:00,2015-09-08 8:00:00
Land Securities Group Plc,Lloyds Banking Group Plc,1,2014-07-23 19:00:00,2015-09-08 8:00:00
Land Securities Group Plc,Arcadia Group Brands Ltd.,1,2016-07-22 8:00:00,2017-12-13 8:00:00
Land Securities Group Plc,"Equinix, Inc.",1.1,2017-10-27 8:00:00,NULL
Land Securities Group Plc,K&L Gates LLP,1.1,2015-09-08 8:00:00,2017-10-27 8:00:00
Land Securities Group Plc,Government of United Kingdom,1.1,2013-09-17 19:00:00,2014-07-23 19:00:00
Land Securities Group Plc,Hennes & Mauritz AB,1.1,2013-09-17 19:00:00,2014-07-23 19:00:00
Land Securities Group Plc,Marks & Spencer Group Plc,1.1,2013-09-17 19:00:00,2014-07-23 19:00:00
Land Securities Group Plc,Marks & Spencer Group Plc,1.1,2017-10-27 8:00:00,NULL
Land Securities Group Plc,Cineworld Group Plc,1.1,2017-10-27 8:00:00,NULL
Land Securities Group Plc,Next Plc,1.1,2017-10-27 8:00:00,2017-12-13 8:00:00
Land Securities Group Plc,Deutsche Bank AG,1.1,2016-07-22 8:00:00,2017-10-27 8:00:00
Land Securities Group Plc,J Sainsbury Plc,1.2,2015-09-08 8:00:00,2017-10-27 8:00:00
Land Securities Group Plc,K&L Gates LLP,1.2,2013-09-17 19:00:00,2015-09-08 8:00:00
Land Securities Group Plc,K&L Gates LLP,1.2,2017-10-27 8:00:00,NULL
Land Securities Group Plc,Taylor Wessing LLP,1.2,2017-10-27 8:00:00,NULL
Land Securities Group Plc,Hennes & Mauritz AB,1.2,2017-10-27 8:00:00,NULL
Land Securities Group Plc,Arcadia Group Brands Ltd.,1.2,2015-09-08 8:00:00,2016-07-22 8:00:00
Land Securities Group Plc,Cineworld Group Plc,1.2,2015-09-08 8:00:00,2017-10-27 8:00:00
Land Securities Group Plc,J Sainsbury Plc,1.3,2017-10-27 8:00:00,NULL
Land Securities Group Plc,Dixons Retail Group Ltd.,1.3,2013-09-17 19:00:00,2014-07-23 19:00:00
Land Securities Group Plc,Next Retail Ltd.,1.3,2014-07-23 19:00:00,2015-09-08 8:00:00
Land Securities Group Plc,Taylor Wessing LLP,1.3,2011-07-23 0:00:00,2012-08-09 18:00:00
Land Securities Group Plc,Taylor Wessing LLP,1.3,2014-07-23 19:00:00,2015-09-08 8:00:00
Land Securities Group Plc,Taylor Wessing LLP,1.3,2016-07-22 8:00:00,2017-10-27 8:00:00
Land Securities Group Plc,The Bank of New York Mellon Corp.,1.4,2014-07-23 19:00:00,2016-07-22 8:00:00
Land Securities Group Plc,Next Retail Ltd.,1.4,2011-07-23 0:00:00,2013-09-17 14:00:00
Land Securities Group Plc,Next Retail Ltd.,1.4,2013-09-17 19:00:00,2014-07-23 19:00:00
Land Securities Group Plc,Alliance Boots Holdings Ltd.,1.4,2011-07-23 0:00:00,2013-09-17 14:00:00
Land Securities Group Plc,Taylor Wessing LLP,1.4,2012-08-09 18:00:00,2013-09-17 14:00:00
Land Securities Group Plc,Taylor Wessing LLP,1.4,2013-09-17 19:00:00,2014-07-23 19:00:00
Land Securities Group Plc,Taylor Wessing LLP,1.4,2015-09-08 8:00:00,2016-07-22 8:00:00
Land Securities Group Plc,Associated British Foods Plc,1.4,2012-08-09 18:00:00,2013-09-17 14:00:00
Land Securities Group Plc,Next Plc,1.4,2015-09-08 8:00:00,2016-07-22 8:00:00
Land Securities Group Plc,Dixons Retail Group Ltd.,1.5,2011-07-23 0:00:00,2013-09-17 14:00:00
Land Securities Group Plc,The Bank of New York Mellon Corp.,1.5,2011-07-23 0:00:00,2013-09-17 14:00:00
Land Securities Group Plc,The Bank of New York Mellon Corp.,1.5,2013-09-17 19:00:00,2014-07-23 19:00:00
Land Securities Group Plc,Alliance Boots Holdings Ltd.,1.5,2013-09-17 19:00:00,2014-07-23 19:00:00
Land Securities Group Plc,Associated British Foods Plc,1.5,2013-09-17 19:00:00,2014-07-23 19:00:00
Land Securities Group Plc,"Walgreens Boots Alliance, Inc.",1.5,2015-09-08 8:00:00,NULL
Land Securities Group Plc,J Sainsbury Plc,1.6,2014-07-23 19:00:00,2015-09-08 8:00:00
Land Securities Group Plc,K&L Gates LLP,1.6,2011-07-23 0:00:00,2012-08-09 18:00:00
Land Securities Group Plc,Arcadia Group Ltd.,1.7,2011-07-23 0:00:00,2012-08-09 18:00:00
Land Securities Group Plc,Alliance Boots Holdings Ltd.,1.7,2014-07-23 19:00:00,2015-03-19 14:00:00
Land Securities Group Plc,"Mizuho Financial Group, Inc.",1.7,2016-07-22 8:00:00,NULL
Land Securities Group Plc,Arcadia Group Ltd.,1.8,2014-07-23 19:00:00,2015-09-08 8:00:00
Land Securities Group Plc,J Sainsbury Plc,1.9,2012-08-09 18:00:00,2013-09-17 14:00:00
Land Securities Group Plc,J Sainsbury Plc,1.9,2013-09-17 19:00:00,2014-07-23 19:00:00
Land Securities Group Plc,J Sainsbury Plc,2,2011-07-23 0:00:00,2012-08-09 18:00:00
Land Securities Group Plc,Associated British Foods Plc,2.1,2015-09-08 8:00:00,2016-07-22 8:00:00
Land Securities Group Plc,Associated British Foods Plc,2.2,2014-07-23 19:00:00,2015-09-08 8:00:00
Land Securities Group Plc,Arcadia Group Ltd.,2.3,2013-09-17 19:00:00,2014-07-23 19:00:00
Land Securities Group Plc,Arcadia Group Ltd.,2.5,2012-08-09 18:00:00,2013-09-17 14:00:00
Land Securities Group Plc,Deloitte Touche Tohmatsu Ltd.,2.6,2017-01-10 19:00:00,2017-10-27 8:00:00
Land Securities Group Plc,Deloitte Touche Tohmatsu Ltd.,2.6,2011-07-23 0:00:00,2013-09-17 14:00:00
Land Securities Group Plc,Deloitte Touche Tohmatsu Ltd.,2.6,2014-07-23 19:00:00,2015-09-08 8:00:00
Land Securities Group Plc,Deloitte LLP,2.6,2015-09-08 8:00:00,2017-01-10 19:00:00
Land Securities Group Plc,Deloitte Touche Tohmatsu Ltd.,2.7,2013-09-17 19:00:00,2014-07-23 19:00:00
Land Securities Group Plc,Royal Bank of Scotland Group Plc,2.7,2013-09-17 19:00:00,2014-07-23 19:00:00
Land Securities Group Plc,Royal Bank of Scotland Group Plc,2.9,2012-08-09 18:00:00,2013-09-17 14:00:00
Land Securities Group Plc,Accor SA,4.5,2011-07-23 0:00:00,2012-08-09 18:00:00
Land Securities Group Plc,Accor SA,4.7,2012-08-09 18:00:00,2013-09-17 14:00:00
Land Securities Group Plc,Government of United Kingdom,4.7,2014-07-23 19:00:00,2017-10-27 8:00:00
Land Securities Group Plc,Accor SA,4.8,2014-07-23 19:00:00,2015-09-08 8:00:00
Land Securities Group Plc,Accor SA,5,2015-09-08 8:00:00,2016-06-16 8:00:00
Land Securities Group Plc,Government of United Kingdom,5.1,2017-10-27 8:00:00,NULL
Land Securities Group Plc,Accor SA,5.1,2017-10-27 8:00:00,NULL
Land Securities Group Plc,Deloitte Touche Tohmatsu Ltd.,5.2,2017-10-27 8:00:00,NULL
Land Securities Group Plc,Government of United Kingdom,5.2,2013-09-17 19:00:00,2014-07-23 19:00:00
Land Securities Group Plc,Accor SA,5.2,2016-07-22 8:00:00,2017-10-27 8:00:00
Land Securities Group Plc,Government of United Kingdom,6,2012-08-09 18:00:00,2013-09-17 14:00:00
Land Securities Group Plc,Government of United Kingdom,10.7,2011-07-23 0:00:00,2012-05-28 12:30:00
Gazprom PJSC,Naftogaz of Ukraine NJSC,2.79,2015-09-02 14:00:00,2016-08-04 14:00:00
Gazprom PJSC,Gazprom Mezhregiongaz JSC,14.64,2015-09-02 14:00:00,2016-08-04 14:00:00
Petronas Gas Bhd.,Tenaga Nasional Bhd.,0.89,2017-06-05 14:00:00,NULL
Petronas Gas Bhd.,Tenaga Nasional Bhd.,1.55,2016-08-03 14:00:00,2017-06-05 14:00:00
Petronas Gas Bhd.,Petroliam Nasional Bhd.,76.56,2017-06-05 14:00:00,NULL
Petronas Gas Bhd.,Petroliam Nasional Bhd.,78.15,2016-08-03 14:00:00,2017-06-05 14:00:00